Symbol,Security,GICS Sector,GICS Sub-Industry,Founded,Date added,market_cap,percent_change,%_of_total_market_cap
MMM,3M,Industrials,Industrial Conglomerates,1902,1957-03-04,89375260672,-1.9286983834245504,0.13297190961100475
AOS,A. O. Smith,Industrials,Building Products,1916,2017-07-26,10156593152,0.680657740942465,0.015110910742066226
ABT,Abbott Laboratories,Health Care,Health Care Equipment,1888,1957-03-04,211918290944,-1.4328476164148156,0.31529060297501665
ABBV,AbbVie,Health Care,Biotechnology,2013 (1888),2012-12-31,378838908928,-0.31159806326500183,0.5636339718211019
ACN,Accenture,Information Technology,IT Consulting & Other Services,1989,2011-07-06,177489936384,-0.5420987657332242,0.2640683294265361
ADBE,Adobe Inc.,Information Technology,Application Software,1982,1997-05-05,123955830784,-2.620935024724467,0.18442064843040873
AMD,Advanced Micro Devices,Information Technology,Semiconductors,1969,2017-03-20,377428901888,1.715515836048354,0.5615361728634928
AES,AES Corporation,Utilities,Independent Power Producers & Energy Traders,1981,1998-10-02,10104995840,-1.7313019893686443,0.015034144609516256
AFL,Aflac,Financials,Life & Health Insurance,1955,1999-05-28,58569396224,-0.09123115916819902,0.08713915240203318
A,Agilent Technologies,Health Care,Life Sciences Tools & Services,1999,2000-06-05,39587999744,-3.583513343775572,0.058898758829453265
APD,Air Products,Materials,Industrial Gases,1940,1985-04-30,59549974528,0.5827459692256431,0.08859805018454728
ABNB,Airbnb,Consumer Discretionary,"Hotels, Resorts & Cruise Lines",2008,2023-09-18,79994707968,-1.4630485310021526,0.11901558660977482
AKAM,Akamai Technologies,Information Technology,Internet Services & Infrastructure,1998,2007-07-12,13449960448,2.1413734410711993,0.02001076037726563
ALB,Albemarle Corporation,Materials,Specialty Chemicals,1994,2016-07-01,19189405696,-6.180231078723867,0.028549868280236614
ARE,Alexandria Real Estate Equities,Real Estate,Office REITs,1994,2017-03-20,9883040768,1.1002463964067497,0.014703921351426959
ALGN,Align Technology,Health Care,Health Care Supplies,1997,2017-06-19,12430687232,0.011666339487097527,0.018494292565839923
ALLE,Allegion,Industrials,Building Products,1908,2013-12-02,14194412544,0.9174872772652264,0.021118351181194303
LNT,Alliant Energy,Utilities,Electric Utilities,1917,2016-07-01,17309995008,0.41753472933282726,0.025753693743260017
ALL,Allstate,Financials,Property & Casualty Insurance,1931,1995-07-13,50666803200,-1.6319652230443542,0.07538172783757435
GOOGL,Alphabet Inc. (Class A),Communication Services,Interactive Media & Services,1998,2006-04-03,3997000269824,-0.8353863782362109,5.94671002465346
GOOG,Alphabet Inc. (Class C),Communication Services,Interactive Media & Services,1998,2014-04-03,3987809501184,-0.8464423379820825,5.933036061101747
MO,Altria,Consumer Staples,Tobacco,1985,1957-03-04,103750057984,0.2922969878635887,0.15435863603256592
AMZN,Amazon,Consumer Discretionary,Broadline Retail,1994,2005-11-18,2556244262912,0.3946605383793984,3.803162961605465
AMCR,Amcor,Materials,Paper & Plastic Packaging Products & Materials,2019 (1860),2019-06-07,18871373824,-7.291669456135258,0.02807670260755454
AEE,Ameren,Utilities,Multi-Utilities,1902,1991-09-19,28131471360,0.7361508639639169,0.04185381322281721
AEP,American Electric Power,Utilities,Electric Utilities,1906,1957-03-04,64210460672,0.46900967457054465,0.09553189001476169
AXP,American Express,Financials,Consumer Finance,1850,1976-06-30,253850894336,2.076283271991324,0.37767764728762665
AIG,American International Group,Financials,Multi-line Insurance,1919,1980-03-31,40403501056,-1.4858820643783637,0.06011205617741717
AMT,American Tower,Real Estate,Telecom Tower REITs,1995,2007-11-19,85956878336,1.1126434803116239,0.12788606344305223
AWK,American Water Works,Utilities,Water Utilities,1886,2016-03-04,26024923136,-0.007506385576937821,0.038719704992789906
AMP,Ameriprise Financial,Financials,Asset Management & Custody Banks,1894,2005-10-03,48014397440,0.2401104518889876,0.07143549644962023
AME,Ametek,Industrials,Electrical Components & Equipment,1930,2013-09-23,49805217792,0.2929911689635868,0.07409986688261516
AMGN,Amgen,Health Care,Biotechnology,1980,1992-01-02,177919393792,0.11514252771507089,0.26470727325963916
APH,Amphenol,Information Technology,Electronic Components,1932,2008-09-30,188981936128,0.11023094773681746,0.2811660490831747
ADI,Analog Devices,Information Technology,Semiconductors,1965,1999-10-12,147018645504,-0.6123820146106564,0.2187333485139112
AON,Aon plc,Financials,Insurance Brokers,1982 (1919),1996-04-23,74145357824,-0.28419295810682693,0.11031296294431166
APA,APA Corporation,Energy,Oil & Gas Exploration & Production,1954,1997-07-28,9223735296,-0.8842735110049469,0.013723011120008857
APO,Apollo Global Management,Financials,Asset Management & Custody Banks,1990,2024-12-23,83511205888,-0.18729727721373124,0.12424740848139502
AAPL,Apple Inc.,Information Technology,"Technology Hardware, Storage & Peripherals",1977,1982-11-30,3775801327616,-1.0379120733008116,5.617611731365384
AMAT,Applied Materials,Information Technology,Semiconductor Materials & Equipment,1967,1995-03-16,260510056448,2.4852775250958503,0.3875851037334494
APP,AppLovin,Information Technology,Application Software,2012,2025-09-22,192383025152,-6.298288453486421,0.2862261663782507
APTV,Aptiv,Consumer Discretionary,Automotive Parts & Equipment,1994,2012-12-24,17118098432,-4.842028774296819,0.025468191312646937
ACGL,Arch Capital Group,Financials,Property & Casualty Insurance,1995,2022-11-01,33832419328,-0.31889257504055474,0.05033564513243231
ADM,Archer Daniels Midland,Consumer Staples,Agricultural Products & Services,1902,1957-03-04,31323535360,-2.0880267327934345,0.04660294449795002
ARES,Ares Management,Financials,Asset Management & Custody Banks,1977,2025-12-11,55594618880,0.07076435218762991,0.08271329874717323
ANET,Arista Networks,Information Technology,Communications Equipment,2004,2018-08-28,163492986880,-0.5819699273668066,0.24324376242352455
AJG,Arthur J. Gallagher & Co.,Financials,Insurance Brokers,1927,2016-05-31,66389225472,0.9252372335192266,0.0987734415791534
AIZ,Assurant,Financials,Multi-line Insurance,1892,2007-04-10,11807455232,-1.4529361939702174,0.01756705220259421
T,AT&T,Communication Services,Integrated Telecommunication Services,1983 (1885),1983-11-30,167962558464,-1.0113770575131935,0.24989356085990277
ATO,Atmos Energy,Utilities,Gas Utilities,1906,2019-02-15,27573182464,0.11158236009416217,0.04102319477138486
ADSK,Autodesk,Information Technology,Application Software,1982,1989-12-01,56591970304,1.3078595851676151,0.0841971514644172
ADP,Automatic Data Processing,Industrials,Human Resource & Employment Services,1949,1981-03-31,105501507584,0.0922329835188666,0.15696443092645865
AZO,AutoZone,Consumer Discretionary,Automotive Retail,1979,1997-01-02,58580574208,1.6324018282314334,0.08715578293118527
AVB,AvalonBay Communities,Real Estate,Multi-Family Residential REITs,1978,2007-01-10,25973510144,0.8960149833204053,0.038643213090291915
AVY,Avery Dennison,Materials,Paper & Plastic Packaging Products & Materials,1935,1987-12-31,14581775360,-0.22742116057018544,0.021694666964427067
AXON,Axon Enterprise,Industrials,Aerospace & Defense,1993,2023-05-04,50525274112,-0.18048375047570717,0.07517116181566444
BKR,Baker Hughes,Energy,Oil & Gas Equipment & Services,2017,2017-07-07,51065548800,-0.4807692307692308,0.07597497885001696
BALL,Ball Corporation,Materials,"Metal, Glass & Plastic Containers",1880,1984-10-31,15262110720,0.33995785199711587,0.02270686532127541
BAC,Bank of America,Financials,Diversified Banks,1998 (1923 / 1874),1976-06-30,386813198336,0.7225728598833917,0.5754980657817783
BAX,Baxter International,Health Care,Health Care Equipment,1931,1972-09-30,10337662976,-1.2763879144328045,0.015380305204126256
BDX,Becton Dickinson,Health Care,Health Care Equipment,1897,1972-09-30,59113037824,-0.5951550068820176,0.08794797870533513
BRK-B,Berkshire Hathaway,Financials,Multi-Sector Holdings,1839,2010-02-16,1064191721472,0.13601019738855466,1.5832972607003164
BBY,Best Buy,Consumer Discretionary,Computer & Electronics Retail,1966,1999-06-29,14236462080,-0.5576713484322344,0.02118091219705189
TECH,Bio-Techne,Health Care,Life Sciences Tools & Services,1976,2021-08-30,10699658240,-1.8439121389492046,0.015918879314705606
BIIB,Biogen,Health Care,Biotechnology,1978,2003-11-13,24120786944,-2.461890594387605,0.03588674401784095
BLK,BlackRock,Financials,Asset Management & Custody Banks,1988,2011-04-04,180466892800,0.5636985599471128,0.2684974250900105
BX,Blackstone Inc.,Financials,Asset Management & Custody Banks,1985,2023-09-18,200624111616,1.672783087025484,0.2984871991981616
XYZ,"Block, Inc.",Financials,Transaction & Payment Processing Services,2009,2025-07-23,40202063872,1.586566248225155,0.059812359294613725
BK,BNY Mellon,Financials,Asset Management & Custody Banks,1784,1995-03-31,84609368064,-2.129546957855119,0.1258812467550667
BA,Boeing,Industrials,Aerospace & Defense,1916,1957-03-04,193951072256,-0.024224112396925106,0.28855909627642556
BKNG,Booking Holdings,Consumer Discretionary,"Hotels, Resorts & Cruise Lines",1996,2009-11-06,165806063616,-1.4856347023385232,0.246685142379791
BSX,Boston Scientific,Health Care,Health Care Equipment,1979,1995-02-24,130609553408,-2.177051106351202,0.19432001204269755
BMY,Bristol Myers Squibb,Health Care,Pharmaceuticals,1989 (1887),1957-03-04,112495714304,-2.401979222902629,0.16737036447876086
AVGO,Broadcom,Information Technology,Semiconductors,1961,2014-05-08,1667553296384,2.5333807707223412,2.480974539610753
BR,Broadridge Financial Solutions,Industrials,Data Processing & Outsourced Services,1962,2018-06-18,25521313792,-0.3282281266866245,0.037970438409776694
BRO,Brown & Brown,Financials,Insurance Brokers,1939,2021-09-20,27317078016,0.3260214874363245,0.04064216430216575
BF-B,Brown–Forman,Consumer Staples,Distillers & Vintners,1870,1982-10-31,12228728832,-3.7199141317490976,0.018193820221389503
BLDR,Builders FirstSource,Industrials,Building Products,1998,2023-12-18,14020512768,-1.6826967163196502,0.02085962426815616
BG,Bunge Global,Consumer Staples,Agricultural Products & Services,1818,2023-03-15,20846254080,-0.9372454794628872,0.03101491612345268
BXP,"BXP, Inc.",Real Estate,Office REITs,1970,2006-04-03,12020119552,1.2516708839979618,0.0178834527425636
CHRW,C.H. Robinson,Industrials,Air Freight & Logistics,1905,2007-03-02,20764971008,0.2509567311989363,0.0308939837175316
CDNS,Cadence Design Systems,Information Technology,Application Software,1988,2017-09-18,86501949440,-0.98253082860744,0.1286970165527573
CPT,Camden Property Trust,Real Estate,Multi-Family Residential REITs,1981,2022-04-04,11700373504,1.0613765962844741,0.01740773673039814
CPB,Campbell's Company (The),Consumer Staples,Packaged Foods & Meats,1869,1957-03-04,7775341056,-3.0483260462924155,0.011568099945324949
COF,Capital One,Financials,Consumer Finance,1994,1998-07-01,152934170624,0.9157269518365214,0.22753442686203512
CAH,Cardinal Health,Health Care,Health Care Distributors,1971,1997-05-27,50477064192,-0.47316112332876914,0.07509943542206969
CCL,Carnival,Consumer Discretionary,"Hotels, Resorts & Cruise Lines",1972,1998-12-22,37958688768,-1.7663058706881143,0.0564746809560025
CARR,Carrier Global,Industrials,Building Products,"2020 (1915, United Technologies spinoff)",2020-04-03,47818973184,1.1521141286019274,0.07114474556051238
CVNA,Carvana,Consumer Discretionary,Automotive Retail,2012,2025-12-22,96069943296,-3.853499734739158,0.14293221323484392
CAT,Caterpillar Inc.,Industrials,Construction Machinery & Heavy Transportation Equipment,1925,1957-03-04,303054323712,-0.044806395535317595,0.450882177426543
CBOE,Cboe Global Markets,Financials,Financial Exchanges & Data,1973,2017-03-01,28625504256,1.0043205536907363,0.04258883203112997
CBRE,CBRE Group,Real Estate,Real Estate Services,1906,2006-11-10,51063980032,0.4448835091552287,0.07597264484757457
CDW,CDW Corporation,Information Technology,Technology Distributors,1984,2019-09-23,17267253248,-0.40818906458393245,0.02569010284120723
COR,Cencora,Health Care,Health Care Distributors,1985,2001-08-30,68838572032,-0.14070634343941643,0.10241756285984668
CNC,Centene Corporation,Health Care,Managed Health Care,1984,2016-03-30,22486949888,-3.2155710663083474,0.03345593227311387
CNP,CenterPoint Energy,Utilities,Multi-Utilities,1882,1985-07-31,25925398528,1.017546927519105,0.03857163295272489
CF,CF Industries,Materials,Fertilizers & Agricultural Chemicals,1946,2008-08-27,14051153920,0.1732119266996657,0.020905211967296684
CRL,Charles River Laboratories,Health Care,Life Sciences Tools & Services,1947,2021-05-14,10812639232,-1.6870292441344783,0.01608697167206521
SCHW,Charles Schwab Corporation,Financials,Investment Banking & Brokerage,1971,1997-06-02,188456075264,1.0315273808465821,0.28038367683888676
CHTR,Charter Communications,Communication Services,Cable & Satellite,1993,2016-09-08,25919506432,-2.4921669432735447,0.03856286673206336
CVX,Chevron Corporation,Energy,Integrated Oil & Gas,1879,1957-03-04,334984347648,0.06017744494631599,0.4983874515345173
CMG,Chipotle Mexican Grill,Consumer Discretionary,Restaurants,1993,2011-04-28,53581762560,-0.9910840431858506,0.07971858469956618
CB,Chubb Limited,Financials,Property & Casualty Insurance,1985,2010-07-15,119914078208,-0.11291433510371984,0.17840735622667153
CHD,Church & Dwight,Consumer Staples,Household Products,1847,2015-12-29,22073384960,0.199049324967744,0.032840633164492344
CI,Cigna,Health Care,Health Care Services,1982,1976-06-30,72714321920,-2.061599962580447,0.10818387738477264
CINF,Cincinnati Financial,Financials,Property & Casualty Insurance,1950,1997-12-18,25361125376,-0.7284094246025075,0.03773211116560503
CTAS,Cintas,Industrials,Diversified Support Services,1929,2001-03-01,78744100864,-0.08180982749329804,0.11715494180111506
CSCO,Cisco,Information Technology,Communications Equipment,1984,1993-12-01,297082814464,-0.07973097487541528,0.4419978062706322
C,Citigroup,Financials,Diversified Banks,1998,1988-05-31,211204980736,0.49378668106201223,0.3142293448618697
CFG,Citizens Financial Group,Financials,Regional Banks,1828,2016-01-29,26234646528,0.3464759649528705,0.03903173003992999
CLX,Clorox,Consumer Staples,Household Products,1913,1969-03-31,13415402496,-1.1237975027194678,0.019959345289520605
CME,CME Group,Financials,Financial Exchanges & Data,1848,2006-08-11,100787634176,2.5349439652745134,0.14995116188518953
CMS,CMS Energy,Utilities,Multi-Utilities,1886,1957-03-04,21813641216,0.5611693781272704,0.03245418817524699
KO,Coca-Cola Company (The),Consumer Staples,Soft Drinks & Non-alcoholic Beverages,1886,1957-03-04,303150333952,-0.056754985275420805,0.451025020813617
CTSH,Cognizant,Information Technology,IT Consulting & Other Services,1994,2006-11-17,41386672128,-0.09431953706970984,0.0615748114626624
COIN,Coinbase,Financials,Financial Exchanges & Data,2012,2025-05-19,65027928064,0.7815091636273013,0.09674811248328
CL,Colgate-Palmolive,Consumer Staples,Household Products,1806,1957-03-04,68310818816,0.2134222349911512,0.10163237518702511
CMCSA,Comcast,Communication Services,Cable & Satellite,1963,2002-11-19,109643194368,-1.8694909330298621,0.1631264045703764
FIX,Comfort Systems USA,Industrials,Construction & Engineering,1997,2025-12-22,39514521600,2.652509566112466,0.05878943854273311
CAG,Conagra Brands,Consumer Staples,Packaged Foods & Meats,1919,1983-08-31,8113145856,-2.360401467768939,0.012070683646832808
COP,ConocoPhillips,Energy,Oil & Gas Exploration & Production,2002,1957-03-04,122633650176,-0.7480014772938561,0.18245351704556592
ED,Consolidated Edison,Utilities,Multi-Utilities,1823,1957-03-04,37468725248,1.1990599586504376,0.05574571653783727
STZ,Constellation Brands,Consumer Staples,Distillers & Vintners,1945,2005-07-01,27270064128,-1.329134242741142,0.04057221735690826
CEG,Constellation Energy,Utilities,Electric Utilities,1999,2022-02-02,111480274944,-9.81536329243513,0.16585960065241628
COO,Cooper Companies (The),Health Care,Health Care Supplies,1958,2016-09-23,16375891968,0.0729014576213121,0.024363941544851518
CPRT,Copart,Industrials,Diversified Support Services,1982,2018-07-02,39727443968,-0.5090886896306818,0.05910622300477526
GLW,Corning Inc.,Information Technology,Electronic Components,1851,1995-02-27,80763346944,0.7594385503219745,0.12015916249052397
CPAY,Corpay,Financials,Transaction & Payment Processing Services,2000,2018-06-20,22643208192,-3.056500192689676,0.03368841232317728
CTVA,Corteva,Materials,Fertilizers & Agricultural Chemicals,2019,2019-06-03,47292526592,-1.219859021775266,0.07036150187405925
CSGP,CoStar Group,Real Estate,Real Estate Services,1987,2022-09-19,27692578816,3.0924506733109083,0.04120083185805354
COST,Costco,Consumer Staples,Consumer Staples Merchandise Retail,1976,1993-10-01,427802066944,0.7170091822903057,0.6364810278522638
CTRA,Coterra,Energy,Oil & Gas Exploration & Production,2021 (1989),2008-06-23,19620327424,-0.07773205643024092,0.029190990718752592
CRH,CRH plc,Materials,Construction Materials,1970,2025-12-22,82224709632,0.3345330207871125,0.12233336803461486
CRWD,CrowdStrike,Information Technology,Systems Software,2011,2024-06-24,114422439936,-0.24615277300824176,0.17023693387007985
CCI,Crown Castle,Real Estate,Telecom Tower REITs,1994,2012-03-14,39571980288,0.5087922418317972,0.05887492519093592
CSX,CSX Corporation,Industrials,Rail Transportation,1980,1957-03-04,67580039168,-0.13773894796532135,0.10054512615895195
CMI,Cummins,Industrials,Construction Machinery & Heavy Transportation Equipment,1919,1965-03-31,79914713088,0.7132376651579886,0.11889657076721699
CVS,CVS Health,Health Care,Health Care Services,1996,1957-03-04,99777388544,-3.3923329836840113,0.1484481252523095
DHR,Danaher Corporation,Health Care,Life Sciences Tools & Services,1969,1998-11-18,168981020672,-1.6257425930247698,0.2514088220590998
DRI,Darden Restaurants,Consumer Discretionary,Restaurants,1938,1995-05-31,24963258368,0.13530223657693957,0.03714016731641017
DDOG,Datadog,Information Technology,Application Software,2010,2025-07-09,41736830976,-1.522425912620392,0.06209577543340399
DVA,DaVita,Health Care,Health Care Services,1979,2008-07-31,7488909824,-1.039303205008989,0.011141949491553964
DAY,Dayforce,Industrials,Human Resource & Employment Services,1992,2021-09-20,11068018688,-0.12995861067238268,0.016466923503079878
DECK,Deckers Brands,Consumer Discretionary,Footwear,1973,2024-03-18,14936693760,-2.309107655442715,0.022222712164510806
DE,Deere & Company,Industrials,Agricultural & Farm Machinery,1837,1957-03-04,139440717824,-0.12425319209827912,0.20745895885700502
DELL,Dell Technologies,Information Technology,"Technology Hardware, Storage & Peripherals",2016,2024-09-23,80779231232,0.7270559005197373,0.12018279502700319
DAL,Delta Air Lines,Industrials,Passenger Airlines,1929,2013-09-11,45988167680,-1.2755762257188679,0.06842088548824199
DVN,Devon Energy,Energy,Oil & Gas Exploration & Production,1971,2000-08-30,22979760128,-0.33039353770111973,0.03418913202208184
DXCM,Dexcom,Health Care,Health Care Equipment,1999,2020-05-12,27270477824,0.43327998413297447,0.04057283285102492
FANG,Diamondback Energy,Energy,Oil & Gas Exploration & Production,2007,2018-12-03,43793457152,0.30499365650425836,0.06515560997735373
DLR,Digital Realty,Real Estate,Data Center REITs,2004,2016-05-18,57211666432,1.8870266183514464,0.08511913118116582
DG,Dollar General,Consumer Staples,Consumer Staples Merchandise Retail,1939,2012-12-03,32740481024,-1.9705993004469027,0.048711066693515714
DLTR,Dollar Tree,Consumer Staples,Consumer Staples Merchandise Retail,1986,2011-12-19,28545298432,-0.8922949548314579,0.04246950234751266
D,Dominion Energy,Utilities,Multi-Utilities,1983,2016-11-30,52199718912,1.3092491109207625,0.07766238948784253
DPZ,Domino's,Consumer Discretionary,Restaurants,1960,2020-05-12,13589073920,-2.1535597637340103,0.020217732461994358
DASH,DoorDash,Consumer Discretionary,Specialized Consumer Services,2012,2025-03-24,88492621824,-2.279755019855453,0.13165872549010868
DOV,Dover Corporation,Industrials,Industrial Machinery & Supplies & Components,1955,1985-10-31,28337225728,0.3643252685205164,0.04215993318283806
DOW,Dow Inc.,Materials,Commodity Chemicals,2019 (1897),2019-04-01,19595855872,-1.3242692632821673,0.02915458210885184
DHI,D. R. Horton,Consumer Discretionary,Homebuilding,1978,2005-06-22,45549764608,-3.130430612504852,0.06776863235661634
DTE,DTE Energy,Utilities,Multi-Utilities,1995,1957-03-04,28143122432,0.6685936352452294,0.04187114760910271
DUK,Duke Energy,Utilities,Electric Utilities,1904,1976-06-30,92712771584,0.2691334657002254,0.13793743582015225
DD,DuPont,Materials,Specialty Chemicals,2017 (1802),2019-06-03,17957281792,-1.2214768074491307,0.026716722651788958
ETN,Eaton Corporation,Industrials,Electrical Components & Equipment,1911,1957-03-04,133821874176,3.085830027170767,0.1990992812005426
EBAY,eBay Inc.,Consumer Discretionary,Broadline Retail,1995,2002-07-22,42514710528,-3.1643602843595344,0.06325309938075889
ECL,Ecolab,Materials,Specialty Chemicals,1923,1989-01-31,78583955456,-0.23764218341598853,0.11691667854395553
EIX,Edison International,Utilities,Electric Utilities,1886,1957-03-04,24009793536,1.4141725055448595,0.03572160877454182
EW,Edwards Lifesciences,Health Care,Health Care Equipment,1958,2011-04-01,49521885184,-0.1656993646445234,0.07367832654071796
EA,Electronic Arts,Communication Services,Interactive Home Entertainment,1982,2002-07-22,51084177408,0.04898658168284529,0.07600269436727006
ELV,Elevance Health,Health Care,Managed Health Care,2014 (1946),2002-07-25,84412588032,-1.8485056670024216,0.12558847875157653
EME,Emcor,Industrials,Construction & Engineering,1994,2025-09-22,31277461504,2.4276893612733983,0.04653439612595761
EMR,Emerson Electric,Industrials,Electrical Components & Equipment,1890,1965-03-31,84041670656,0.9728431292000455,0.1250366303829812
ETR,Entergy,Utilities,Electric Utilities,1913,1957-03-04,43060871168,0.7839448252894935,0.06406567349477119
EOG,EOG Resources,Energy,Oil & Gas Exploration & Production,1999,2000-11-02,57504026624,-1.5700937431549358,0.08555410270160872
EPAM,EPAM Systems,Information Technology,IT Consulting & Other Services,1993,2021-12-14,11841720320,-1.2218940790242767,0.01761803156925665
EQT,EQT Corporation,Energy,Oil & Gas Exploration & Production,1888,2022-10-03,31540541440,1.2419927270104112,0.04692580467914374
EFX,Equifax,Industrials,Research & Consulting Services,1899,1997-06-19,27050448896,0.16422635797893478,0.040245475296978785
EQIX,Equinix,Real Estate,Data Center REITs,1998,2015-03-20,78723637248,-0.0049859104261019945,0.11712449617134453
EQR,Equity Residential,Real Estate,Multi-Family Residential REITs,1969,2001-12-03,24416579584,1.4222703492309614,0.03632682231125176
ERIE,Erie Indemnity,Financials,Insurance Brokers,1925,2024-09-23,14809013248,0.04945212394015377,0.02203274996050607
ESS,Essex Property Trust,Real Estate,Multi-Family Residential REITs,1971,2014-04-02,17838313472,1.8736133879621086,0.026539722388240986
EL,Estée Lauder Companies (The),Consumer Staples,Personal Care Products,1946,2006-01-05,41459449856,-0.5188054182488122,0.06168308967518505
EG,Everest Group,Financials,Reinsurance,1973,2017-06-19,13383023616,-0.7471728652064733,0.01991117221039006
EVRG,Evergy,Utilities,Electric Utilities,1909,2018-06-05,17597569024,0.8709470476920729,0.026181544423353253
ES,Eversource Energy,Utilities,Electric Utilities,1966,2009-07-24,26304512000,0.6026663140074321,0.03913567541763141
EXC,Exelon,Utilities,Electric Utilities,2000,1957-03-04,45176729600,1.3136987458934763,0.06721363338942389
EXE,Expand Energy,Energy,Oil & Gas Exploration & Production,1989,2025-03-24,23788388352,0.3617369599023634,0.035392203636107594
EXPE,Expedia Group,Consumer Discretionary,"Hotels, Resorts & Cruise Lines",1996,2007-10-02,35272548352,-3.1160844997188106,0.052478259374535506
EXPD,Expeditors International,Industrials,Air Freight & Logistics,1979,2007-10-10,22042046464,-0.8243715742615081,0.03279400796165518
EXR,Extra Space Storage,Real Estate,Self-Storage REITs,1977,2016-01-19,32989808640,1.1826209315774059,0.04908201463782382
XOM,ExxonMobil,Energy,Integrated Oil & Gas,1999,1957-03-04,553753182208,0.5885498939813751,0.8238702470653244
FFIV,"F5, Inc.",Information Technology,Communications Equipment,1996,2010-12-20,15580796928,-2.1059123396209265,0.023181004510642
FDS,FactSet,Financials,Financial Exchanges & Data,1978,2021-12-20,10799393792,-0.3728205604708017,0.016067265195830117
FICO,Fair Isaac,Information Technology,Application Software,1956,2023-03-20,37618286592,-0.885409123431998,0.0559682328960122
FAST,Fastenal,Industrials,Trading Companies & Distributors,1967,2008-09-15,50215084032,0.48243258685732027,0.07470966310819367
FRT,Federal Realty Investment Trust,Real Estate,Retail REITs,1962,2016-02-01,8998476800,1.8369303154507226,0.013387873049988024
FDX,FedEx,Industrials,Air Freight & Logistics,1971,1980-12-31,72716746752,-1.5902448997610223,0.10818748503345643
FIS,Fidelity National Information Services,Financials,Transaction & Payment Processing Services,1968,2006-11-10,33092683776,-0.15760801830717988,0.04923507157083367
FITB,Fifth Third Bancorp,Financials,Regional Banks,1858,1996-03-29,32497205248,0.2855964674440649,0.04834912263591417
FSLR,First Solar,Information Technology,Semiconductors,1999,2022-12-19,26154213376,0.036938244178327924,0.038912062139248575
FE,FirstEnergy,Utilities,Electric Utilities,1997,1997-11-28,27346685952,1.653425945478908,0.04068621478951492
FISV,Fiserv,Financials,Transaction & Payment Processing Services,1984,2001-04-02,36034789376,-0.7337494350500652,0.0536123164254805
F,Ford Motor Company,Consumer Discretionary,Automobile Manufacturers,1903,1957-03-04,54189182976,-1.5206374494288486,0.08062230069485317
FTNT,Fortinet,Information Technology,Systems Software,2000,2018-10-11,57761132544,-1.231659388318889,0.08593662315411023
FTV,Fortive,Industrials,Industrial Machinery & Supplies & Components,2016,2016-07-01,18594965504,-0.9908111217636147,0.02766546417460992
FOXA,Fox Corporation (Class A),Communication Services,Broadcasting,2019,2019-03-19,31959435264,-0.7718885795067005,0.04754903208326797
FOX,Fox Corporation (Class B),Communication Services,Broadcasting,2019,2019-03-19,30807105536,-0.3047920897064218,0.045834603691321536
BEN,Franklin Resources,Financials,Asset Management & Custody Banks,1947,1998-04-30,13556157440,0.11552055232469964,0.02016875954521221
FCX,Freeport-McMoRan,Materials,Copper,1912,2011-07-01,84303486976,-2.0847231805974165,0.12542615893681103
GRMN,Garmin,Consumer Discretionary,Consumer Electronics,1989,2012-12-12,40770220032,-0.3762949335797707,0.06065765819482855
IT,Gartner,Information Technology,IT Consulting & Other Services,1979,2017-04-05,17469974528,0.12587606562484602,0.025991710193372777
GE,GE Aerospace,Industrials,Aerospace & Defense,1892,1957-03-04,344770052096,1.6190512709425615,0.5129465565659963
GEHC,GE HealthCare,Health Care,Health Care Equipment,1994,2023-01-04,37323948032,-0.921103037878542,0.05553031797301142
GEV,GE Vernova,Industrials,Heavy Electrical Equipment,2024,2024-04-02,185534218240,6.122418529187926,0.27603655767894986
GEN,Gen Digital,Information Technology,Systems Software,1982,2003-03-25,16096290816,-1.0614055655972139,0.02394795283800655
GNRC,Generac,Industrials,Electrical Components & Equipment,1959,2021-03-22,9439332352,-0.3592805541597713,0.01404377496480525
GD,General Dynamics,Industrials,Aerospace & Defense,1899,1957-03-04,99236847616,0.05174499309429573,0.14764391210788191
GIS,General Mills,Consumer Staples,Packaged Foods & Meats,1856,1957-03-04,23749738496,-2.390351291802098,0.03533470064120869
GM,General Motors,Consumer Discretionary,Automobile Manufacturers,1908,2013-06-06,76946931712,-0.11123960352421246,0.11448112566632984
GPC,Genuine Parts Company,Consumer Discretionary,Distributors,1925,1973-12-31,19049791488,0.5728545522314298,0.028342151203866683
GILD,Gilead Sciences,Health Care,Biotechnology,1987,2004-07-01,154989199360,3.010062231219726,0.23059188474553438
GPN,Global Payments,Financials,Transaction & Payment Processing Services,2000,2016-04-25,20664866816,-1.5868713773982512,0.030745049376303134
GL,Globe Life,Financials,Life & Health Insurance,1900,1989-04-30,11257061376,-0.6079288077453793,0.01674817993838818
GDDY,GoDaddy,Information Technology,Internet Services & Infrastructure,1997,2024-06-24,14462385152,-2.692128021170984,0.021517039018760124
GS,Goldman Sachs,Financials,Investment Banking & Brokerage,1869,2002-07-22,291217702912,-1.4202842169585745,0.43327173288872434
HAL,Halliburton,Energy,Oil & Gas Equipment & Services,1919,1957-03-04,27769249792,-0.6406317641637225,0.04131490241867405
HIG,Hartford (The),Financials,Property & Casualty Insurance,1810,1957-03-04,36142686208,-0.9402315528692168,0.05377284460390641
HAS,Hasbro,Consumer Discretionary,Leisure Products,1923,1984-09-30,12097050624,-0.7941103075763779,0.017997910272257455
HCA,HCA Healthcare,Health Care,Health Care Facilities,1968,2015-01-27,109810810880,-2.9991689983787455,0.1633757832856427
DOC,Healthpeak Properties,Real Estate,Health Care REITs,1985,2008-03-31,12390955008,2.1893736794604504,0.018435179231135797
HSIC,Henry Schein,Health Care,Health Care Distributors,1932,2015-03-17,9699047424,2.4334035365291453,0.014430177296042521
HSY,Hershey Company (The),Consumer Staples,Packaged Foods & Meats,1894,1957-03-04,40102785024,-1.6461991827779299,0.059664652894617996
HPE,Hewlett Packard Enterprise,Information Technology,"Technology Hardware, Storage & Peripherals",2015,2015-11-02,28612390912,-2.323463376561354,0.042569322086432125
HLT,Hilton Worldwide,Consumer Discretionary,"Hotels, Resorts & Cruise Lines",1919,2017-06-19,70758047744,-0.3345853365992178,0.10527334586912125
HOLX,Hologic,Health Care,Health Care Equipment,1985,2016-03-30,16725456896,-0.05331016785177211,0.024884021885425624
HD,Home Depot (The),Consumer Discretionary,Home Improvement Retail,1978,1988-03-31,378463617024,0.266380882970208,0.563075615059273
HON,Honeywell,Industrials,Industrial Conglomerates,1906,1957-03-04,147840270336,2.0323667706982715,0.2199557563936019
HRL,Hormel Foods,Consumer Staples,Packaged Foods & Meats,1891,2009-03-04,13323597824,-2.0226537778659437,0.01982275891813253
HST,Host Hotels & Resorts,Real Estate,Hotel & Resort REITs,1993,2007-03-20,12949356544,0.6497067877346016,0.019265965267599917
HWM,Howmet Aerospace,Industrials,Aerospace & Defense,1888,2016-10-21,90518224896,0.28092611176501925,0.1346724040693102
HPQ,HP Inc.,Information Technology,"Technology Hardware, Storage & Peripherals",1939 (2015),1974-12-31,19039877120,-1.164482115529982,0.028327400674070927
HUBB,Hubbell Incorporated,Industrials,Industrial Machinery & Supplies & Components,1888,2023-10-18,26004258816,1.0741385975038258,0.038688960756962765
HUM,Humana,Health Care,Managed Health Care,1961,2012-12-10,32868225024,-3.757708388459143,0.048901123354538355
HBAN,Huntington Bancshares,Financials,Regional Banks,1866,1997-08-28,28377954304,0.38997042812802507,0.042220528883323144
HII,Huntington Ingalls Industries,Industrials,Aerospace & Defense,2011,2018-01-03,16712925184,1.6807546175634256,0.024865377288891793
IBM,IBM,Information Technology,IT Consulting & Other Services,1911,1957-03-04,285720543232,2.591039068439059,0.42509309581857574
IEX,IDEX Corporation,Industrials,Industrial Machinery & Supplies & Components,1988,2019-08-09,14826324992,1.2025185978978017,0.022058506256387823
IDXX,Idexx Laboratories,Health Care,Health Care Equipment,1983,2017-01-05,57232957440,0.45638375867611686,0.0851508077991697
ITW,Illinois Tool Works,Industrials,Industrial Machinery & Supplies & Components,1912,1986-02-28,76801507328,0.6033015708470624,0.1142647642493215
INCY,Incyte,Health Care,Biotechnology,1991,2017-02-28,20851433472,0.9217039532429169,0.03102262198791322
IR,Ingersoll Rand,Industrials,Industrial Machinery & Supplies & Components,1859,2020-03-03,35039416320,0.9619834748292452,0.05213140711079441
PODD,Insulet Corporation,Health Care,Health Care Equipment,2000,2023-03-15,20251932672,0.4223609947650671,0.030130688743859487
INTC,Intel,Information Technology,Semiconductors,1968,1976-12-31,223999197184,-2.8145708173446833,0.33326449374172157
IBKR,Interactive Brokers,Financials,Investment Banking & Brokerage,1977,2025-08-28,124707422208,-0.43431011604072944,0.18553886107835063
ICE,Intercontinental Exchange,Financials,Financial Exchanges & Data,2000,2007-09-26,99590168576,0.4039686941213331,0.1481695806475152
IFF,International Flavors & Fragrances,Materials,Specialty Chemicals,1958 (1889),1976-03-31,18370658304,1.2000542879393525,0.02733174143635735
IP,International Paper,Materials,Paper & Plastic Packaging Products & Materials,1898,1957-03-04,22890459136,-0.7100352138672547,0.03405627060889978
INTU,Intuit,Information Technology,Application Software,1983,2000-12-05,151808737280,-1.6751485405567694,0.22586001472867323
ISRG,Intuitive Surgical,Health Care,Health Care Equipment,1995,2008-06-02,191784927232,-1.1711727455840728,0.28533632032959255
IVZ,Invesco,Financials,Asset Management & Custody Banks,1935,2008-08-21,13129174016,0.17012979056675578,0.019533496488806795
INVH,Invitation Homes,Real Estate,Single-Family Residential REITs,2012,2022-09-19,16950019072,2.180340592136606,0.025218123975250098
IQV,IQVIA,Health Care,Life Sciences Tools & Services,1982,2017-08-29,40476901376,-1.4920449775070725,0.06022126067811538
IRM,Iron Mountain,Real Estate,Other Specialized REITs,1951,2009-01-06,28355901440,3.5178614445283647,0.042187718781104444
JBHT,J.B. Hunt,Industrials,Cargo Ground Transportation,1961,2015-07-01,19460724736,-1.0362189353943387,0.028953534916746095
JBL,Jabil,Information Technology,Electronic Manufacturing Services,1966,2023-12-18,26843541504,-0.7465042437491276,0.03993763987563279
JKHY,Jack Henry & Associates,Financials,Transaction & Payment Processing Services,1976,2018-11-13,13829641216,-0.4862706801470588,0.02057564686133213
J,Jacobs Solutions,Industrials,Construction & Engineering,1947,2007-10-26,16617757696,-1.1024717728577738,0.024723787742555434
JNJ,Johnson & Johnson,Health Care,Pharmaceuticals,1886,1973-06-30,526816477184,-0.41444807202909845,0.7837939991334204
JCI,Johnson Controls,Industrials,Building Products,1885,2010-08-27,74999119872,1.4696801301110696,0.11158318435706474
JPM,JPMorgan Chase,Financials,Diversified Banks,2000 (1799 / 1871),1975-06-30,850625298432,1.0379587899227063,1.2655545779165416
KVUE,Kenvue,Consumer Staples,Personal Care Products,2022 (Johnson & Johnson spinoff),2023-08-25,32953563136,-0.3476214666670939,0.04902808882160292
KDP,Keurig Dr Pepper,Consumer Staples,Soft Drinks & Non-alcoholic Beverages,1981,2022-06-21,37238763520,-1.7562716050817513,0.05540358103099017
KEY,KeyCorp,Financials,Regional Banks,1825,1994-03-01,23137107968,-0.28261642598256304,0.03442323307645249
KEYS,Keysight Technologies,Information Technology,Electronic Equipment & Instruments,2014 (1939),2018-11-06,36803227648,-0.13986156259105478,0.05475559370017305
KMB,Kimberly-Clark,Consumer Staples,Household Products,1872,1957-03-04,32963624960,-1.0855531595767476,0.04904305873544026
KIM,Kimco Realty,Real Estate,Retail REITs,1958,2006-04-04,14261729280,1.347443551706999,0.021218504566677007
KMI,Kinder Morgan,Energy,Oil & Gas Storage & Transportation,1997,2012-05-25,62204297216,2.006564174105512,0.09254713356504196
KKR,KKR & Co.,Financials,Asset Management & Custody Banks,1976,2024-06-24,121684664320,0.07614288695529309,0.1810416222939606
KLAC,KLA Corporation,Information Technology,Semiconductor Materials & Equipment,1975/1977 (1997),1997-09-30,206457634816,1.4796490478426891,0.3071662756431617
KHC,Kraft Heinz,Consumer Staples,Packaged Foods & Meats,2015 (1869),2015-07-06,27851415552,-2.929039155019368,0.041437148081844045
KR,Kroger,Consumer Staples,Food Retail,1883,1957-03-04,41874636800,1.120174314995093,0.06230080200826396
LHX,L3Harris,Industrials,Aerospace & Defense,"2019 (L3 1997, Harris 1895)",2008-09-22,64820862976,1.77427230747288,0.09644004244288953
LH,Labcorp,Health Care,Health Care Services,1978,2004-11-01,22509295616,0.7363532897786265,0.033489178096415155
LRCX,Lam Research,Information Technology,Semiconductor Materials & Equipment,1980,2012-06-29,281159761920,2.5244886477893735,0.4183075961644772
LW,Lamb Weston,Consumer Staples,Packaged Foods & Meats,2016 (1950),2018-12-03,6038142976,-1.365805759055282,0.008983508366701004
LVS,Las Vegas Sands,Consumer Discretionary,Casinos & Gaming,1988,2019-10-03,40466440192,-2.7388216972375323,0.06020569659916542
LDOS,Leidos,Industrials,Diversified Support Services,1969,2019-08-09,24979490816,0.6930059648639079,0.03716431784298758
LEN,Lennar,Consumer Discretionary,Homebuilding,1954,2005-10-04,29288284160,-2.9938680262653374,0.04357491149902783
LII,Lennox International,Industrials,Building Products,1895,2024-12-23,18470805504,0.6777282391440378,0.02748073976459794
LLY,Lilly (Eli),Health Care,Pharmaceuticals,1876,1970-12-31,930880749568,0.5256739174364725,1.3849580964518435
LIN,Linde plc,Materials,Industrial Gases,1879,1992-07-01,205832519680,-0.24543611236965412,0.30623623356288493
LYV,Live Nation Entertainment,Communication Services,Movies & Entertainment,2010,2019-12-23,33537980416,-0.8920627803958322,0.04989758090640324
LMT,Lockheed Martin,Industrials,Aerospace & Defense,1995,1957-03-04,135977050112,0.7856128177099011,0.20230573741228247
L,Loews Corporation,Financials,Multi-line Insurance,1959,1995-05-31,21259130880,-0.6494821389638401,0.031629191439880154
LOW,Lowe's,Consumer Discretionary,Home Improvement Retail,1904/1946/1959,1984-02-29,155692072960,0.19493087192070035,0.23163761534373828
LULU,Lululemon Athletica,Consumer Discretionary,"Apparel, Accessories & Luxury Goods",1998,2023-10-18,23939592192,-1.5316323466091972,0.03561716368874569
LYB,LyondellBasell,Materials,Specialty Chemicals,2007,2012-09-05,16386552832,0.058959863732538746,0.02437980270635778
MTB,M&T Bank,Financials,Regional Banks,1856,2004-02-23,33172846592,-0.13642966313659877,0.04935433726743885
MPC,Marathon Petroleum,Energy,Oil & Gas Refining & Marketing,2009 (1887),2011-07-01,53395091456,-1.103660958103157,0.07944085669092664
MAR,Marriott International,Consumer Discretionary,"Hotels, Resorts & Cruise Lines",1927,1998-05-29,88462680064,0.027624032514863256,0.1316141783416654
MRSH,Marsh McLennan,Financials,Insurance Brokers,1905,1987-08-31,89672220672,0.07681301101059049,0.13341372469474475
MLM,Martin Marietta Materials,Materials,Construction Materials,1993,2014-07-02,39299751936,1.6725388745111136,0.05846990568617002
MAS,Masco,Industrials,Building Products,1929,1981-06-30,14753855488,-1.039176903922876,0.02195068661745209
MA,Mastercard,Financials,Transaction & Payment Processing Services,1966,2008-07-18,487705346048,-0.5823337395220081,0.7256047222004397
MTCH,Match Group,Communication Services,Interactive Media & Services,1986,2021-09-20,7539894784,-0.8386116892342425,0.011217804570931257
MKC,McCormick & Company,Consumer Staples,Packaged Foods & Meats,1889,2003-03-20,17991905280,-2.4162970981868694,0.026768235243552464
MCD,McDonald's,Consumer Discretionary,Restaurants,1940,1970-06-30,219383398400,-0.3855882509992228,0.3263971394641086
MCK,McKesson Corporation,Health Care,Health Care Distributors,1833,1999-01-13,104540110848,-0.4347651296515328,0.15553407135135358
MDT,Medtronic,Health Care,Health Care Equipment,1949,1986-10-31,124105932800,-2.262624104817708,0.18464396919673612
MRK,Merck & Co.,Health Care,Pharmaceuticals,1891,1957-03-04,271833759744,-1.9284485591671674,0.40443243307063004
META,Meta Platforms,Communication Services,Interactive Media & Services,2004,2013-12-23,1563357216768,-0.08859339622799187,2.3259523156044133
MET,MetLife,Financials,Life & Health Insurance,1868,2000-12-11,51054047232,-1.4505839033098153,0.07595786689477362
MTD,Mettler Toledo,Health Care,Life Sciences Tools & Services,1945,2016-09-06,30087575552,-2.4040986510121467,0.04476409183742068
MGM,MGM Resorts,Consumer Discretionary,Casinos & Gaming,1986,2017-07-26,9567254528,-1.2143470969464216,0.014234096714878134
MCHP,Microchip Technology,Information Technology,Semiconductors,1989,2007-09-07,40371376128,0.3357958498961398,0.06006426092635823
MU,Micron Technology,Information Technology,Semiconductors,1978,1994-09-27,408278466560,7.7592593465577675,0.6074339469707873
MSFT,Microsoft,Information Technology,Systems Software,1975,1994-06-01,3418215677952,0.7007361415038325,5.085598215233507
MAA,Mid-America Apartment Communities,Real Estate,Multi-Family Residential REITs,1977,2016-12-02,16455104512,1.2182470959406484,0.02448179343318873
MRNA,Moderna,Health Care,Biotechnology,2010,2021-07-21,16344388608,6.275409508132787,0.024317071058467858
MOH,Molina Healthcare,Health Care,Managed Health Care,1980,2022-03-02,10373879808,-1.2078102252155931,0.015434188362339072
TAP,Molson Coors Beverage Company,Consumer Staples,Brewers,"2005 (Molson 1786, Coors 1873)",1976-06-30,9680147456,-3.3372801087640713,0.014402058051212903
MDLZ,Mondelez International,Consumer Staples,Packaged Foods & Meats,2012,2012-10-02,74065444864,-0.10470778253509072,0.11019406898177693
MPWR,Monolithic Power Systems,Information Technology,Semiconductors,1997,2021-02-12,49496076288,2.3406765885727725,0.07363992823944009
MNST,Monster Beverage,Consumer Staples,Soft Drinks & Non-alcoholic Beverages,2012 (1935),2012-06-28,76373745664,0.3337113266783002,0.11362834333269661
MCO,Moody's Corporation,Financials,Financial Exchanges & Data,1909,1998-07-01,96659955712,-0.12787058433633414,0.143810029725222
MS,Morgan Stanley,Financials,Investment Banking & Brokerage,1935,1993-07-29,300522504192,-1.119070981258332,0.4471153534325931
MOS,Mosaic Company (The),Materials,Fertilizers & Agricultural Chemicals,2004 (1865 / 1909),2011-09-26,8363697664,-4.459751797095173,0.012443452935736123
MSI,Motorola Solutions,Information Technology,Communications Equipment,1928 (2011),1957-03-04,66743181312,1.5642386350184643,0.0993000546889657
MSCI,MSCI Inc.,Financials,Financial Exchanges & Data,1969,2018-04-04,46618742784,0.8822922021714582,0.06935905087205839
NDAQ,"Nasdaq, Inc.",Financials,Financial Exchanges & Data,1971,2008-10-22,57941848064,0.6478635642541314,0.08620549048507035
NTAP,NetApp,Information Technology,"Technology Hardware, Storage & Peripherals",1992,1999-06-25,20728373248,-4.206646793173381,0.030839533817211363
NFLX,Netflix,Communication Services,Movies & Entertainment,1997,2010-12-20,372884439040,-0.05678938106159924,0.5547749517099959
NEM,Newmont,Materials,Gold,1921,1969-06-30,125355081728,-0.07879900062345802,0.1865024445409847
NWSA,News Corp (Class A),Communication Services,Publishing,2013 (News Corporation 1980),2013-08-01,15317806080,-1.6853960677187325,0.022789728501980987
NWS,News Corp (Class B),Communication Services,Publishing,2013 (News Corporation 1980),2015-09-18,16854198272,-1.3355043557753086,0.02507556243572951
NEE,NextEra Energy,Utilities,Multi-Utilities,1984 (1925),1976-06-30,174168637440,1.7520315965902298,0.2591269232739602
NKE,"Nike, Inc.",Consumer Discretionary,"Apparel, Accessories & Luxury Goods",1964,1988-11-30,95307079680,-0.3251263297401115,0.14179722989572338
NI,NiSource,Utilities,Multi-Utilities,1912,2000-11-02,20789106688,0.9189100323824253,0.03092989261933764
NDSN,Nordson Corporation,Industrials,Industrial Machinery & Supplies & Components,1935,2022-02-15,15179531264,0.0036812789122090176,0.022584004163988758
NSC,Norfolk Southern,Industrials,Rail Transportation,1881/1894 (1980),1957-03-04,65213485056,-0.048142564964912184,0.09702418292360537
NTRS,Northern Trust,Financials,Asset Management & Custody Banks,1889,1998-01-30,27754463232,-1.0401078965423025,0.041292903074504374
NOC,Northrop Grumman,Industrials,Aerospace & Defense,"1994 (Northrop 1939, Grumman 1930)",1957-03-04,95488729088,1.8774597603945127,0.14206748665894683
NCLH,Norwegian Cruise Line Holdings,Consumer Discretionary,"Hotels, Resorts & Cruise Lines",2011 (1966),2017-10-13,10020217856,-3.760387314355646,0.01490801249710964
NRG,NRG Energy,Utilities,Independent Power Producers & Energy Traders,1992,2010-01-29,29411153920,-4.069398705515575,0.04375771629867597
NUE,Nucor,Materials,Steel,1940,1985-04-30,39910662144,-0.22884256070058961,0.05937881377044111
NVDA,Nvidia,Information Technology,Semiconductors,1993,2001-11-30,4534141714432,-0.4383893669287186,6.745865440634427
NVR,"NVR, Inc.",Consumer Discretionary,Homebuilding,1980,2019-09-26,20893321216,-0.8063708227121782,0.031084942290725177
NXPI,NXP Semiconductors,Information Technology,Semiconductors,1953,2021-03-22,59778891776,-0.6244783969190805,0.08893863172109985
ORLY,O’Reilly Automotive,Consumer Discretionary,Automotive Retail,1957,2009-03-27,80119259136,1.1319922741380632,0.1192008929968971
OXY,Occidental Petroleum,Energy,Oil & Gas Exploration & Production,1920,1957-03-04,42068488192,-1.0887130552253665,0.06258921280092829
ODFL,Old Dominion,Industrials,Cargo Ground Transportation,1934,2019-12-09,36916031488,-1.4365146293345648,0.05492342249198269
OMC,Omnicom Group,Communication Services,Advertising,1986,1997-12-31,25320495104,-1.298856345780333,0.037671661721147665
ON,ON Semiconductor,Information Technology,Semiconductors,1999,2022-06-21,24673400832,0.08295131514665195,0.036708919230673
OKE,Oneok,Energy,Oil & Gas Storage & Transportation,1906,2010-03-15,46853844992,1.431497032857156,0.06970883435035506
ORCL,Oracle Corporation,Information Technology,Application Software,1977,1989-08-31,549026398208,0.6531420566291137,0.8168377697324147
OTIS,Otis Worldwide,Industrials,Industrial Machinery & Supplies & Components,"2020 (1853, United Technologies spinoff)",2020-04-03,35385569280,-0.21028756526890133,0.052646411148406375
PCAR,Paccar,Industrials,Construction Machinery & Heavy Transportation Equipment,1905,1980-12-31,63738802176,-0.45931558973430914,0.0948301596877583
PKG,Packaging Corporation of America,Materials,Paper & Plastic Packaging Products & Materials,1959,2017-07-26,19915003904,-0.2838371164876793,0.029629408396848664
PLTR,Palantir Technologies,Information Technology,Application Software,2003,2024-09-23,407472275456,-3.4506129539849337,0.6062345012874488
PANW,Palo Alto Networks,Information Technology,Systems Software,2005,2023-06-20,130799026176,-0.03728336814712877,0.19460190834812713
PSKY,Paramount Skydance Corporation,Communication Services,Movies & Entertainment,2025 (Paramount Pictures 1912),1994-09-30,13017371648,-0.25359030570300467,0.019367157680279554
PH,Parker Hannifin,Industrials,Industrial Machinery & Supplies & Components,1917,1985-11-30,119491772416,-0.03281855988747479,0.17777905251958517
PAYX,Paychex,Industrials,Human Resource & Employment Services,1971,1998-10-01,39910002688,0.6062783060300521,0.059377832636255144
PAYC,Paycom,Industrials,Human Resource & Employment Services,1998,2020-01-28,8349041152,-2.860318858557077,0.01242164707610312
PYPL,PayPal,Financials,Transaction & Payment Processing Services,1998,2015-07-20,54351478784,0.2643597228488728,0.08086376330261912
PNR,Pentair,Industrials,Industrial Machinery & Supplies & Components,1966,2012-10-01,17589825536,0.3084994178637239,0.02617002371416966
PEP,PepsiCo,Consumer Staples,Soft Drinks & Non-alcoholic Beverages,1898,1957-03-04,200323399680,-0.17056695606693253,0.29803980200936353
PFE,Pfizer,Health Care,Pharmaceuticals,1849,1957-03-04,145838407680,-0.9269979790502538,0.21697739864509494
PCG,PG&E Corporation,Utilities,Multi-Utilities,1905,2022-10-03,34309382144,-1.0773135562147202,0.051045267190931456
PM,Philip Morris International,Consumer Staples,Tobacco,2008 (1847),2008-03-31,270263599104,0.6142776852055887,0.4020963586678591
PSX,Phillips 66,Energy,Oil & Gas Refining & Marketing,2012 (1917),2012-05-01,55882301440,-1.2356230236510695,0.08314131091829707
PNW,Pinnacle West Capital,Utilities,Multi-Utilities,1985,1999-10-04,11216187392,1.1004386840006768,0.016687367900862095
PNC,PNC Financial Services,Financials,Diversified Banks,1845,1988-04-30,87695671296,3.785342096257105,0.13047302787337595
POOL,Pool Corporation,Consumer Discretionary,Distributors,1993,2020-10-07,10000852992,0.14199951556862983,0.014879201583148927
PPG,PPG Industries,Materials,Specialty Chemicals,1883,1957-03-04,24876654592,0.13627830134895486,0.0370113188029887
PPL,PPL Corporation,Utilities,Electric Utilities,1920,2001-10-01,27244595200,3.1363841369265915,0.04053432485772626
PFG,Principal Financial Group,Financials,Life & Health Insurance,1879,2002-07-22,19710552064,-2.74785657040699,0.029325226329195115
PG,Procter & Gamble,Consumer Staples,Personal Care Products,1837,1957-03-04,338270355456,-0.06914616617530758,0.5032763517731413
PGR,Progressive Corporation,Financials,Property & Casualty Insurance,1937,1997-08-04,118629294080,-0.5650595180480986,0.17649586307237417
PLD,Prologis,Real Estate,Industrial REITs,1983,2003-07-17,123734376448,0.3465210650600283,0.18409117016396065
PRU,Prudential Financial,Financials,Life & Health Insurance,1875,2002-07-22,39308509184,-4.071113846384504,0.05848293466063949
PEG,Public Service Enterprise Group,Utilities,Electric Utilities,1903,1957-03-04,39642808320,0.012585954382352455,0.05898030265890878
PTC,PTC Inc.,Information Technology,Application Software,1985,2021-04-20,19917998080,-0.08388722521447929,0.02963386311169299
PSA,Public Storage,Real Estate,Self-Storage REITs,1972,2005-08-19,51566825472,0.2934907254285484,0.07672077489937239
PHM,PulteGroup,Consumer Discretionary,Homebuilding,1956,1984-04-30,25694060544,-1.986904106769955,0.038227449861489696
PWR,Quanta Services,Industrials,Construction & Engineering,1997,2009-07-01,69599838208,4.269052078950289,0.10355016953851677
QCOM,Qualcomm,Information Technology,Semiconductors,1985,1999-07-22,172014190592,-1.22064640197866,0.25592155179442594
DGX,Quest Diagnostics,Health Care,Health Care Services,1967,2002-12-12,21189425152,-0.40470358241506715,0.03152548372822378
Q,Qnity Electronics,Information Technology,Semiconductor Materials & Equipment,2025,2025-11-03,20370296832,4.435134376721826,0.030306790142237097
RL,Ralph Lauren Corporation,Consumer Discretionary,"Apparel, Accessories & Luxury Goods",1967,2007-02-02,22015590400,-1.6524464863532318,0.03275464680819481
RJF,Raymond James Financial,Financials,Investment Banking & Brokerage,1962,2017-03-20,33921380352,0.13406920632328476,0.0504680007435185
RTX,RTX Corporation,Industrials,Aerospace & Defense,1922,1957-03-04,270728675328,1.0458871634588696,0.4027882959350063
O,Realty Income,Real Estate,Retail REITs,1969,2015-04-07,56390057984,1.15282762544398,0.08389674767747976
REG,Regency Centers,Real Estate,Retail REITs,1963,2017-03-02,13150311424,2.3192595303809926,0.01956494458176735
REGN,Regeneron Pharmaceuticals,Health Care,Biotechnology,1988,2013-05-01,77693034496,-1.1968952295880992,0.11559117235272398
RF,Regions Financial Corporation,Financials,Regional Banks,1971,1998-08-28,24350859264,-2.629733478127754,0.036229044062719234
RSG,Republic Services,Industrials,Environmental & Facilities Services,1998 (1981),2008-12-05,65865048064,0.08065535990771325,0.09799357396934018
RMD,ResMed,Health Care,Health Care Equipment,1989,2017-07-26,37597995008,-1.196787682651852,0.05593804321429016
RVTY,Revvity,Health Care,Health Care Equipment,1937,1985-05-31,13058164736,-2.394587962065375,0.01942784936128283
HOOD,Robinhood Markets,Financials,Investment Banking & Brokerage,2013,2025-09-22,97777795072,-1.4589946829307245,0.14547314358044247
ROK,Rockwell Automation,Industrials,Electrical Components & Equipment,1903,2000-03-12,46718234624,-1.3321339738548716,0.06950707416011419
ROL,"Rollins, Inc.",Industrials,Environmental & Facilities Services,1948,2018-10-01,30182574080,0.9007582270940829,0.04490543000620939
ROP,Roper Technologies,Information Technology,Electronic Equipment & Instruments,1981,2009-12-23,44792242176,0.4562497642576946,0.06664159559500195
ROST,Ross Stores,Consumer Discretionary,Apparel Retail,1982,2009-12-21,62560526336,-0.7379084190739673,0.09307712884549531
RCL,Royal Caribbean Group,Consumer Discretionary,"Hotels, Resorts & Cruise Lines",1997,2014-12-05,75271503872,-0.7550881653108906,0.11198843543387454
SPGI,S&P Global,Financials,Financial Exchanges & Data,1917,1957-03-04,166800654336,0.16867112599418665,0.24816488774025647
CRM,Salesforce,Information Technology,Application Software,1999,2008-09-15,216208719872,-2.7491106934885425,0.3216738741768783
SNDK,Sandisk,Information Technology,"Technology Hardware, Storage & Peripherals",1988,2025-11-28,60617326592,1.0702778289834374,0.09018604938153078
SBAC,SBA Communications,Real Estate,Telecom Tower REITs,1989,2017-09-01,20684943360,1.1042216034849708,0.030774919122964536
SLB,Schlumberger,Energy,Oil & Gas Equipment & Services,1926,1957-03-04,69811044352,0.3435684957281452,0.10386440061407498
STX,Seagate Technology,Information Technology,"Technology Hardware, Storage & Peripherals",1979,2012-07-02,71076397056,1.845031071108661,0.10574698382689283
SRE,Sempra,Utilities,Multi-Utilities,1998,2017-03-17,60405678080,1.0702231737464845,0.08987116015384784
NOW,ServiceNow,Information Technology,Systems Software,2003,2019-11-21,134330253312,-2.9427465611304884,0.19985564424790087
SHW,Sherwin-Williams,Materials,Specialty Chemicals,1866,1964-06-30,89218932736,0.47734862722744126,0.1327393259629217
SPG,Simon Property Group,Real Estate,Retail REITs,2003,2002-06-26,69753118720,1.4316278017132429,0.10377821924974048
SWKS,Skyworks Solutions,Information Technology,Semiconductors,2002,2015-03-12,8661470208,-1.1802918876409159,0.01288647691695525
SJM,J.M. Smucker Company (The),Consumer Staples,Packaged Foods & Meats,1897,2008-11-06,10888156160,-2.6054550098720495,0.016199325247860292
SW,Smurfit Westrock,Materials,Paper & Plastic Packaging Products & Materials,1934,2024-07-08,22302578688,-1.430885576694516,0.033181626046122875
SNA,Snap-on,Industrials,Industrial Machinery & Supplies & Components,1920,1982-09-30,18849755136,-0.575052080140862,0.028044538469458265
SOLV,Solventum,Health Care,Health Care Technology,2023,2024-04-01,13785612288,-1.193434927071185,0.020510140919416376
SO,Southern Company,Utilities,Electric Utilities,1945,1957-03-04,97888223232,0.13516867338594218,0.1456374378515822
LUV,Southwest Airlines,Industrials,Passenger Airlines,1967,1994-07-01,22646093824,0.04640477603654887,0.033692705546991
SWK,Stanley Black & Decker,Industrials,Industrial Machinery & Supplies & Components,1843,1982-09-30,13104816128,0.24881407663039662,0.019497256987438098
SBUX,Starbucks,Consumer Discretionary,Restaurants,1971,2000-06-07,105738928128,-0.31089292380191186,0.15731766360940908
STT,State Street Corporation,Financials,Asset Management & Custody Banks,1792,2003-03-14,36318679040,-6.067935594001769,0.054034685551534775
STLD,Steel Dynamics,Materials,Steel,1993,2022-12-22,25551773696,-0.8737358083284877,0.038015756449366105
STE,Steris,Health Care,Health Care Equipment,1985,2019-12-23,26459500544,0.14537542558061436,0.03936626632733676
SYK,Stryker Corporation,Health Care,Health Care Equipment,1941,2000-12-12,139118067712,0.3558742529932467,0.20697892219802067
SMCI,Supermicro,Information Technology,"Technology Hardware, Storage & Peripherals",1993,2024-03-18,19485136896,10.944933055758568,0.0289898551636301
SYF,Synchrony Financial,Financials,Consumer Finance,2003,2015-11-18,29835294720,3.2046404002083992,0.04438875011827979
SNPS,Synopsys,Information Technology,Application Software,1986,2017-03-16,98779504640,1.5978266156709227,0.1469634803149154
SYY,Sysco,Consumer Staples,Food Distributors,1969,1986-12-31,37734252544,-0.4799157008757038,0.056140766256713534
TMUS,T-Mobile US,Communication Services,Wireless Telecommunication Services,1994,2019-07-15,209688084480,-2.276301402774561,0.3119725168501189
TROW,T. Rowe Price,Financials,Asset Management & Custody Banks,1937,2019-07-29,23397476352,-0.773389706871865,0.03481060740087399
TTWO,Take-Two Interactive,Communication Services,Interactive Home Entertainment,1993,2018-03-19,44372787200,-1.7189150410046397,0.06601753331271949
TPR,"Tapestry, Inc.",Consumer Discretionary,"Apparel, Accessories & Luxury Goods",2017,2004-09-01,27053549568,-1.7811477233372552,0.04025008845585314
TRGP,Targa Resources,Energy,Oil & Gas Storage & Transportation,2005,2022-10-12,39885811712,1.879851352398615,0.05934184146543351
TGT,Target Corporation,Consumer Staples,Consumer Staples Merchandise Retail,1902,1976-12-31,50565533696,0.13497843029442955,0.07523105975301728
TEL,TE Connectivity,Information Technology,Electronic Manufacturing Services,2007,2011-10-17,70902546432,-0.37615892402325174,0.10548833004186856
TDY,Teledyne Technologies,Information Technology,Electronic Equipment & Instruments,1960,2020-06-22,27312326656,2.106297938825998,0.04063509526082591
TER,Teradyne,Information Technology,Semiconductor Materials & Equipment,1960,2020-09-21,36291833856,0.19762712089296822,0.053994745467964685
TSLA,"Tesla, Inc.",Consumer Discretionary,Automobile Manufacturers,2003,2020-12-21,1455045869568,-0.24397640202234186,2.1648074242616056
TXN,Texas Instruments,Information Technology,Semiconductors,1930,2001-03-12,174172504064,1.3007650049603974,0.25913267601105056
TPL,Texas Pacific Land Corporation,Energy,Oil & Gas Exploration & Production,1888,2024-11-26,23265275904,1.9761916047244243,0.03461392046659467
TXT,Textron,Industrials,Aerospace & Defense,1923,1978-12-31,16792285184,0.716124215287885,0.02498344856127059
TMO,Thermo Fisher Scientific,Health Care,Life Sciences Tools & Services,2006 (1902),2004-08-03,232458076160,-0.9493401871712149,0.34584955679104795
TJX,TJX Companies,Consumer Discretionary,Apparel Retail,1987,1985-09-30,175154298880,0.7812507633791417,0.2605933837119077
TKO,TKO Group Holdings,Communication Services,Movies & Entertainment,2023,2025-03-24,16695965696,-2.685752814635814,0.02484014507710938
TTD,Trade Desk (The),Communication Services,Advertising,2009,2025-07-18,17347692544,-2.0701076717532456,0.02580977988289038
TSCO,Tractor Supply,Consumer Discretionary,Other Specialty Retail,1938,2014-01-24,26953865216,0.5519392505883154,0.04010177874974307
TT,Trane Technologies,Industrials,Building Products,1871,2010-11-17,86676406272,0.583574722993889,0.12895657224995255
TDG,TransDigm Group,Industrials,Aerospace & Defense,1993,2016-06-03,81707909120,1.1482037814768264,0.12156447572088186
TRV,Travelers Companies (The),Financials,Property & Casualty Insurance,1853,2002-08-21,60655562752,-0.7075930331204691,0.09024293688231302
TRMB,Trimble Inc.,Information Technology,Electronic Equipment & Instruments,1978,2021-01-21,17583536128,-5.95647234740167,0.02616066637539611
TFC,Truist Financial,Financials,Diversified Banks,1872,1997-12-04,64458862592,-0.5767643354627255,0.09590146071480875
TYL,Tyler Technologies,Information Technology,Application Software,1966,2020-06-22,19035629568,-1.3762152224267368,0.028321081194873154
TSN,Tyson Foods,Consumer Staples,Packaged Foods & Meats,1935,2005-08-10,21208125440,-0.5957316043910871,0.03155330589049708
USB,U.S. Bancorp,Financials,Diversified Banks,1968,1999-11-01,84656709632,0.8341070557473981,0.12595168122041658
UBER,Uber,Industrials,Passenger Ground Transportation,2009,2023-12-18,176947773440,0.5570054941949962,0.2632617030576511
UDR,"UDR, Inc.",Real Estate,Multi-Family Residential REITs,1972,2016-03-07,14171047936,1.5102414534530828,0.021083589475105698
ULTA,Ulta Beauty,Consumer Discretionary,Other Specialty Retail,1990,2016-04-18,29749356544,-0.24657425133468525,0.04426089188004601
UNP,Union Pacific Corporation,Industrials,Rail Transportation,1862,1957-03-04,136124497920,-0.44249231615925727,0.2025251092658614
UAL,United Airlines Holdings,Industrials,Passenger Airlines,1967,2015-09-03,36741021696,-2.1806575181004137,0.054663044104631534
UPS,United Parcel Service,Industrials,Air Freight & Logistics,1907,2002-07-22,90700906496,-1.5742948271343742,0.13494419652082473
URI,United Rentals,Industrials,Trading Companies & Distributors,1997,2014-09-20,59273707520,-0.5752417030242496,0.08818702199464253
UNH,UnitedHealth Group,Health Care,Managed Health Care,1977,1994-07-01,299850694656,-2.342460066546977,0.44611583973914903
UHS,Universal Health Services,Health Care,Health Care Facilities,1979,2014-09-20,12720102400,-2.1107779553656325,0.018924882499452348
VLO,Valero Energy,Energy,Oil & Gas Refining & Marketing,1980,2002-12-20,56992169984,-0.606780315352162,0.08479256584726984
VTR,Ventas,Real Estate,Health Care REITs,1998,2009-03-04,36850540544,1.989078023554318,0.05482598550751484
VLTO,Veralto,Industrials,Environmental & Facilities Services,2023,2023-10-02,25492686848,-0.49428390649547777,0.037927847435704154
VRSN,Verisign,Information Technology,Internet Services & Infrastructure,1995,2006-02-01,23302641664,0.10031297599529589,0.034669512992131474
VRSK,Verisk Analytics,Industrials,Research & Consulting Services,1971,2015-10-08,30794577920,-0.7385721085832044,0.04581596518878887
VZ,Verizon,Communication Services,Integrated Telecommunication Services,1983 (1877),1983-11-30,164061118464,-1.1432946035603064,0.24408902475973243
VRTX,Vertex Pharmaceuticals,Health Care,Biotechnology,1989,2013-09-23,113160577024,0.5559035471573118,0.16835954274624607
VTRS,Viatris,Health Care,Pharmaceuticals,1961,2004-04-23,14846447616,0.15575937579194332,0.02208844456056222
VICI,Vici Properties,Real Estate,Hotel & Resort REITs,2017,2022-06-08,30974152704,1.9704414653027982,0.04608313534042731
V,Visa Inc.,Financials,Transaction & Payment Processing Services,1958,2009-12-21,633585205248,0.1678071069317315,0.9426437921372236
VST,Vistra Corp.,Utilities,Electric Utilities,2016,2024-05-08,56448331776,-7.5369003908783965,0.08398344703191243
VMC,Vulcan Materials Company,Materials,Construction Materials,1909,1999-06-30,40428093440,1.4119551510640895,0.060148644560351995
WRB,W. R. Berkley Corporation,Financials,Property & Casualty Insurance,1967,2019-12-05,25795835904,-1.2079782304090503,0.03837887055518941
GWW,W. W. Grainger,Industrials,Industrial Machinery & Supplies & Components,1927,1981-06-30,51119276032,0.5097264766397177,0.07605491386316754
WAB,Wabtec,Industrials,Construction Machinery & Heavy Transportation Equipment,1999 (1869),2019-02-27,39251771392,0.4726071288564382,0.05839852055663995
WMT,Walmart,Consumer Staples,Consumer Staples Merchandise Retail,1962,1982-08-31,954350239744,0.4194630979874143,1.4198758455340248
DIS,Walt Disney Company (The),Communication Services,Movies & Entertainment,1923,1976-06-30,199930232832,-1.9486876311649015,0.2974548510264941
WBD,Warner Bros. Discovery,Communication Services,Broadcasting,2022 (Warner Bros. 1923),2022-04-11,70863732736,0.3159008540222194,0.10543058328692345
WM,Waste Management,Industrials,Environmental & Facilities Services,1968,1998-08-31,89126273024,0.6231215834550476,0.1326014674687925
WAT,Waters Corporation,Health Care,Life Sciences Tools & Services,1958,2002-01-02,23066984448,-1.8297476590158104,0.0343189037766783
WEC,WEC Energy Group,Utilities,Electric Utilities,1896,2008-10-31,35323699200,0.3975523864852504,0.05255436126095958
WFC,Wells Fargo,Financials,Diversified Banks,1852,1976-06-30,277432270848,-0.6519804822659028,0.41276186010535887
WELL,Welltower,Real Estate,Health Care REITs,1970,2009-01-30,131349471232,1.7005060748113692,0.19542085678734758
WST,West Pharmaceutical Services,Health Care,Health Care Supplies,1923,2020-05-22,18690179072,-7.021937246353558,0.027807122278459277
WDC,Western Digital,Information Technology,"Technology Hardware, Storage & Peripherals",1970,2009-07-01,75932631040,-0.26565131943521736,0.11297205597230633
WY,Weyerhaeuser,Real Estate,Timber REITs,1900,1979-10-01,19524085760,0.9701501353861719,0.029047803020613328
WSM,"Williams-Sonoma, Inc.",Consumer Discretionary,Homefurnishing Retail,1956,2025-03-24,25250213888,1.0365829702622735,0.037567097802329
WMB,Williams Companies,Energy,Oil & Gas Storage & Transportation,1908,1975-03-31,75166015488,2.089896006633992,0.11183149052812777
WTW,Willis Towers Watson,Financials,Insurance Brokers,2016,2016-01-05,32133283840,0.28007350454665386,0.04780768282129167
WDAY,"Workday, Inc.",Information Technology,Application Software,2005,2024-12-23,49891618816,-3.040681077850702,0.07422841374297945
WYNN,Wynn Resorts,Consumer Discretionary,Casinos & Gaming,2002,2008-11-14,11887636480,-2.590100404181743,0.017686345322204585
XEL,Xcel Energy,Utilities,Multi-Utilities,1909,1957-03-04,44726321152,0.331740973958617,0.06654351874041282
XYL,Xylem Inc.,Industrials,Industrial Machinery & Supplies & Components,2011,2011-11-01,35578134528,0.9115443315194048,0.052932908424708006
YUM,Yum! Brands,Consumer Discretionary,Restaurants,1997,1997-10-06,44496642048,-0.4905361874895365,0.06620180371964543
ZBRA,Zebra Technologies,Information Technology,Electronic Equipment & Instruments,1969,2019-12-23,12772810752,-2.951516016805948,0.01900330162981562
ZBH,Zimmer Biomet,Health Care,Health Care Equipment,1927,2001-08-07,17303230464,-1.6225379621478873,0.025743629500352475
ZTS,Zoetis,Health Care,Pharmaceuticals,1952,2013-06-21,55242821632,-0.502871375763518,0.08218989717596963
